,latitude,longitude,start_time,end_time,cluster
0,38.033553,-78.507977,2025-01-14T16:50:33.999-05:00,2025-01-15T09:24:39.627-05:00,0
1,38.031619,-78.510846,2025-01-15T09:25:47.488-05:00,2025-01-15T10:53:54.217-05:00,1
2,38.029297,-78.510103,2025-01-15T10:53:54.217-05:00,2025-01-15T12:13:04.349-05:00,2
3,38.031619,-78.510846,2025-01-15T12:13:04.349-05:00,2025-01-15T15:18:36.354-05:00,1
4,38.033553,-78.507977,2025-01-15T20:19:08.968-05:00,2025-01-15T21:12:17.457-05:00,0
5,38.031103,-78.513688,2025-01-15T20:21:44.218-05:00,2025-01-15T21:12:17.457-05:00,3
6,38.029297,-78.510103,2025-01-15T21:17:32.448-05:00,2025-01-16T10:50:25.999-05:00,2
7,38.031619,-78.510846,2025-01-16T10:51:44.568-05:00,2025-01-16T12:22:03.890-05:00,1
8,38.029297,-78.510103,2025-01-16T12:22:03.890-05:00,2025-01-16T13:32:23.364-05:00,2
9,38.052815,-78.501257,2025-01-16T13:45:16.000-05:00,2025-01-16T15:23:04.612-05:00,4
10,38.050641,-78.504014,2025-01-16T13:45:16.000-05:00,2025-01-16T13:45:17.000-05:00,-1
11,38.052566,-78.501698,2025-01-16T13:45:17.000-05:00,2025-01-16T13:45:18.000-05:00,4
12,38.051724,-78.502585,2025-01-16T13:45:18.000-05:00,2025-01-16T13:45:19.000-05:00,-1
13,38.033553,-78.507977,2025-01-16T15:40:21.682-05:00,2025-01-16T17:02:19.579-05:00,0
14,38.031103,-78.513688,2025-01-16T15:56:46.620-05:00,2025-01-16T17:02:19.579-05:00,3
15,38.029297,-78.510103,2025-01-16T17:07:01.127-05:00,2025-01-16T21:56:32.999-05:00,2
16,38.069505,-78.48403,2025-01-16T22:05:52.000-05:00,2025-01-16T22:12:54.999-05:00,5
17,38.029297,-78.510103,2025-01-16T22:28:21.406-05:00,2025-01-17T06:48:43.999-05:00,2
18,37.655,-77.613889,2025-01-17T08:08:44.530-05:00,2025-01-17T09:44:50.000-05:00,6
19,38.029297,-78.510103,2025-01-17T11:00:26.519-05:00,2025-01-17T11:39:16.340-05:00,2
20,38.069104,-78.490289,2025-01-17T11:52:41.000-05:00,2025-01-17T12:09:01.110-05:00,7
21,38.052815,-78.501257,2025-01-17T12:17:53.999-05:00,2025-01-17T12:49:10.610-05:00,4
22,38.053566,-78.500689,2025-01-17T12:19:10.999-05:00,2025-01-17T12:49:10.610-05:00,8
23,38.029297,-78.510103,2025-01-17T12:58:22.000-05:00,2025-01-17T19:37:07.285-05:00,2
24,38.029297,-78.510103,2025-01-17T22:12:05.517-05:00,2025-01-18T12:54:44.515-05:00,2
25,38.033553,-78.507977,2025-01-18T12:59:37.338-05:00,2025-01-18T15:34:50.999-05:00,0
26,38.032882,-78.513558,2025-01-18T13:01:46.312-05:00,2025-01-18T15:34:50.999-05:00,9
27,38.030833,-78.507891,2025-01-18T15:34:50.999-05:00,2025-01-18T16:26:38.024-05:00,-1
28,38.029297,-78.510103,2025-01-18T19:04:18.930-05:00,2025-01-18T19:15:58.458-05:00,2
29,38.052815,-78.501257,2025-01-18T19:29:35.000-05:00,2025-01-18T19:46:55.029-05:00,4
30,38.029297,-78.510103,2025-01-18T19:52:37.020-05:00,2025-01-19T13:05:46.815-05:00,2
31,38.033553,-78.507977,2025-01-19T13:05:46.815-05:00,2025-01-19T15:48:09.422-05:00,0
32,38.031103,-78.513688,2025-01-19T13:06:49.000-05:00,2025-01-19T13:11:15.671-05:00,3
33,38.029297,-78.510103,2025-01-19T15:48:49.953-05:00,2025-01-19T20:06:11.983-05:00,2
34,38.033553,-78.507977,2025-01-19T20:09:07.105-05:00,2025-01-19T22:03:47.929-05:00,0
35,38.035037,-78.517565,2025-01-19T20:09:07.105-05:00,2025-01-19T20:14:12.840-05:00,10
36,38.029297,-78.510103,2025-01-19T22:06:24.314-05:00,2025-01-20T13:10:52.456-05:00,2
37,38.029297,-78.510103,2025-01-20T17:51:51.742-05:00,2025-01-20T18:03:24.557-05:00,2
38,38.033553,-78.507977,2025-01-20T18:06:59.755-05:00,2025-01-20T20:08:24.140-05:00,0
39,38.035037,-78.517565,2025-01-20T18:06:59.755-05:00,2025-01-20T20:08:24.140-05:00,10
40,38.029297,-78.510103,2025-01-20T20:11:48.000-05:00,2025-01-21T10:56:52.821-05:00,2
41,38.031619,-78.510846,2025-01-21T10:56:52.821-05:00,2025-01-21T12:20:03.999-05:00,1
42,38.029327,-78.510056,2025-01-21T12:21:21.712-05:00,2025-01-21T13:39:35.735-05:00,2
43,38.034081,-78.499425,2025-01-21T14:18:32.778-05:00,2025-01-21T14:29:49.925-05:00,11
44,38.033553,-78.507977,2025-01-21T14:34:21.444-05:00,2025-01-21T15:51:13.182-05:00,0
45,38.036457,-78.505368,2025-01-21T14:36:11.000-05:00,2025-01-21T15:50:25.001-05:00,12
46,38.033553,-78.507977,2025-01-21T16:02:35.118-05:00,2025-01-21T19:03:50.880-05:00,0
47,38.032882,-78.513558,2025-01-21T16:02:35.118-05:00,2025-01-21T16:43:02.738-05:00,9
48,38.029297,-78.510103,2025-01-21T19:05:55.589-05:00,2025-01-22T09:27:15.034-05:00,2
49,38.031619,-78.510846,2025-01-22T09:28:45.642-05:00,2025-01-22T10:48:51.508-05:00,1
50,38.031619,-78.510846,2025-01-22T09:28:45.642-05:00,2025-01-22T09:32:47.145-05:00,1
51,38.031619,-78.510846,2025-01-22T12:24:52.886-05:00,2025-01-22T18:21:18.064-05:00,1
52,38.031619,-78.510846,2025-01-22T12:26:08.232-05:00,2025-01-22T13:50:39.045-05:00,1
53,38.033553,-78.507977,2025-01-22T18:37:09.044-05:00,2025-01-22T20:11:55.509-05:00,0
54,38.029297,-78.510103,2025-01-22T20:16:22.393-05:00,2025-01-23T10:52:14.467-05:00,2
55,38.031619,-78.510846,2025-01-23T10:55:20.013-05:00,2025-01-23T12:22:34.999-05:00,1
56,38.031619,-78.510846,2025-01-23T10:55:20.013-05:00,2025-01-23T12:22:34.999-05:00,1
57,38.029297,-78.510103,2025-01-23T12:22:34.999-05:00,2025-01-23T15:09:51.704-05:00,2
58,38.033553,-78.507977,2025-01-23T15:23:15.195-05:00,2025-01-23T17:48:27.139-05:00,0
59,38.036457,-78.505368,2025-01-23T15:28:48.460-05:00,2025-01-23T17:48:27.139-05:00,12
60,38.029327,-78.510056,2025-01-23T18:02:13.974-05:00,2025-01-23T18:15:50.000-05:00,2
61,38.029261,-78.510124,2025-01-23T18:38:43.935-05:00,2025-01-24T06:16:42.023-05:00,2
62,38.029297,-78.510103,2025-01-24T06:16:42.023-05:00,2025-01-24T06:57:01.790-05:00,2
63,37.654742,-77.613206,2025-01-24T08:13:22.382-05:00,2025-01-24T09:49:15.019-05:00,13
64,37.655,-77.613889,2025-01-24T08:13:22.382-05:00,2025-01-24T09:49:15.019-05:00,6
65,38.033553,-78.507977,2025-01-24T10:47:03.717-05:00,2025-01-24T10:58:43.078-05:00,0
66,38.029297,-78.510103,2025-01-24T11:17:32.532-05:00,2025-01-24T11:32:41.025-05:00,2
67,38.059773,-78.489135,2025-01-24T11:45:53.524-05:00,2025-01-24T12:06:23.077-05:00,-1
68,38.052815,-78.501257,2025-01-24T12:23:15.008-05:00,2025-01-24T13:00:01.170-05:00,4
69,38.029297,-78.510103,2025-01-24T13:07:46.651-05:00,2025-01-24T15:29:56.570-05:00,2
70,38.033553,-78.507977,2025-01-24T15:29:56.570-05:00,2025-01-24T15:33:54.948-05:00,0
71,38.127095,-78.444288,2025-01-24T15:58:46.999-05:00,2025-01-24T17:50:12.943-05:00,14
72,38.129001,-78.440783,2025-01-24T16:03:49.421-05:00,2025-01-24T17:50:12.943-05:00,15
73,38.033553,-78.507977,2025-01-24T18:17:20.000-05:00,2025-01-24T19:19:45.979-05:00,0
74,38.029498,-78.51739,2025-01-24T18:17:20.000-05:00,2025-01-24T19:16:01.325-05:00,-1
75,38.02908,-78.509906,2025-01-24T19:32:18.580-05:00,2025-01-24T21:27:52.961-05:00,2
76,38.052815,-78.501257,2025-01-24T21:32:47.999-05:00,2025-01-24T21:57:41.000-05:00,4
77,38.029297,-78.510103,2025-01-24T22:01:38.017-05:00,2025-01-25T13:07:23.154-05:00,2
78,38.033553,-78.507977,2025-01-25T13:07:23.154-05:00,2025-01-25T15:08:43.473-05:00,0
79,38.032882,-78.513558,2025-01-25T13:09:44.381-05:00,2025-01-25T15:06:33.541-05:00,9
80,38.029297,-78.510103,2025-01-25T15:12:01.441-05:00,2025-01-25T16:06:15.005-05:00,2
81,38.065186,-78.492411,2025-01-25T16:15:30.802-05:00,2025-01-25T16:41:28.594-05:00,16
82,38.062983,-78.491488,2025-01-25T16:15:30.802-05:00,2025-01-25T16:41:28.594-05:00,17
83,38.069104,-78.490289,2025-01-25T16:44:32.000-05:00,2025-01-25T17:00:35.476-05:00,7
84,38.052815,-78.501257,2025-01-25T17:05:34.951-05:00,2025-01-25T17:15:37.191-05:00,4
85,38.029297,-78.510103,2025-01-25T17:21:06.539-05:00,2025-01-26T06:48:10.142-05:00,2
86,38.033553,-78.507977,2025-01-26T07:00:09.000-05:00,2025-01-26T07:08:44.000-05:00,0
87,38.033271,-78.509706,2025-01-26T07:01:34.382-05:00,2025-01-26T07:08:44.000-05:00,18
88,37.654742,-77.613206,2025-01-26T08:07:34.928-05:00,2025-01-26T09:35:40.000-05:00,13
89,37.655,-77.613889,2025-01-26T08:07:34.928-05:00,2025-01-26T09:35:40.000-05:00,6
90,38.029297,-78.510103,2025-01-26T10:37:17.886-05:00,2025-01-26T10:55:46.000-05:00,2
91,38.033553,-78.507977,2025-01-26T10:57:02.380-05:00,2025-01-26T12:03:33.560-05:00,0
92,38.031103,-78.513688,2025-01-26T10:57:02.380-05:00,2025-01-26T12:03:33.560-05:00,3
93,38.029297,-78.510103,2025-01-26T12:12:35.000-05:00,2025-01-26T15:58:04.850-05:00,2
94,38.033553,-78.507977,2025-01-26T15:58:04.850-05:00,2025-01-26T18:17:48.851-05:00,0
95,38.031103,-78.513688,2025-01-26T18:07:56.340-05:00,2025-01-26T18:17:48.851-05:00,3
96,38.029297,-78.510103,2025-01-26T18:21:17.998-05:00,2025-01-26T19:05:52.679-05:00,2
97,38.033553,-78.507977,2025-01-26T19:09:43.614-05:00,2025-01-26T21:56:04.000-05:00,0
98,38.029297,-78.510103,2025-01-26T22:01:48.176-05:00,2025-01-27T09:25:49.416-05:00,2
99,38.031619,-78.510846,2025-01-27T09:28:15.486-05:00,2025-01-27T10:54:07.549-05:00,1
100,38.031619,-78.510846,2025-01-27T09:28:15.486-05:00,2025-01-27T10:54:07.549-05:00,1
101,38.033553,-78.507977,2025-01-27T10:54:07.549-05:00,2025-01-27T18:20:20.890-05:00,0
102,38.033795,-78.511534,2025-01-27T11:39:18.076-05:00,2025-01-27T11:48:40.721-05:00,-1
103,38.029297,-78.510103,2025-01-27T18:22:23.920-05:00,2025-01-27T18:55:56.566-05:00,2
104,38.031619,-78.510846,2025-01-28T10:53:29.923-05:00,2025-01-28T12:19:21.038-05:00,1
105,38.031619,-78.510846,2025-01-28T10:53:29.923-05:00,2025-01-28T12:19:21.038-05:00,1
106,38.029297,-78.510103,2025-01-28T12:20:42.781-05:00,2025-01-28T13:48:47.091-05:00,2
107,38.033553,-78.507977,2025-01-28T16:54:32.436-05:00,2025-01-28T19:05:31.583-05:00,0
108,38.032088,-78.510695,2025-01-28T16:55:29.258-05:00,2025-01-28T19:05:31.583-05:00,19
109,38.033553,-78.507977,2025-01-28T19:56:12.999-05:00,2025-01-28T21:03:23.046-05:00,0
110,38.032882,-78.513558,2025-01-28T19:58:27.026-05:00,2025-01-28T20:14:09.000-05:00,9
111,38.052437,-78.514644,2025-01-28T20:19:28.000-05:00,2025-01-28T21:03:23.046-05:00,-1
112,38.052815,-78.501257,2025-01-28T21:15:23.000-05:00,2025-01-28T21:54:50.999-05:00,4
113,38.050283,-78.504449,2025-01-28T21:15:23.000-05:00,2025-01-28T21:21:57.438-05:00,20
114,38.048614,-78.504383,2025-01-28T21:48:55.000-05:00,2025-01-28T21:54:50.999-05:00,-1
115,38.029297,-78.510103,2025-01-28T23:00:25.625-05:00,2025-01-29T09:26:00.000-05:00,2
116,38.031619,-78.510846,2025-01-29T09:29:31.778-05:00,2025-01-29T10:52:20.863-05:00,1
117,38.029327,-78.510056,2025-01-29T10:52:20.863-05:00,2025-01-29T13:56:31.616-05:00,2
118,38.033553,-78.507977,2025-01-29T14:01:02.727-05:00,2025-01-29T18:18:14.000-05:00,0
119,38.033271,-78.509706,2025-01-29T14:01:02.727-05:00,2025-01-29T15:20:05.000-05:00,18
120,38.032088,-78.510695,2025-01-29T15:21:09.490-05:00,2025-01-29T18:18:14.000-05:00,19
121,38.029297,-78.510103,2025-01-29T18:22:55.509-05:00,2025-01-29T18:55:04.000-05:00,2
122,38.052815,-78.501257,2025-01-29T19:01:11.999-05:00,2025-01-29T19:13:12.124-05:00,4
123,38.029297,-78.510103,2025-01-29T19:18:59.870-05:00,2025-01-29T20:26:02.170-05:00,2
124,38.033553,-78.507977,2025-01-29T20:30:50.715-05:00,2025-01-29T22:03:41.961-05:00,0
125,38.032882,-78.513558,2025-01-29T20:30:50.715-05:00,2025-01-29T22:03:41.961-05:00,9
126,38.029297,-78.510103,2025-01-29T22:08:24.280-05:00,2025-01-30T10:54:06.097-05:00,2
127,38.031619,-78.510846,2025-01-30T10:54:06.097-05:00,2025-01-30T12:21:40.993-05:00,1
128,38.029297,-78.510103,2025-01-30T12:22:51.802-05:00,2025-01-30T13:30:32.000-05:00,2
129,38.033553,-78.507977,2025-01-30T13:42:01.000-05:00,2025-01-30T16:50:41.052-05:00,0
130,38.036457,-78.505368,2025-01-30T13:43:44.529-05:00,2025-01-30T16:50:41.052-05:00,12
131,38.029297,-78.510103,2025-01-30T17:06:28.000-05:00,2025-01-31T12:02:48.054-05:00,2
132,38.033553,-78.507977,2025-01-31T12:15:36.000-05:00,2025-01-31T13:49:01.173-05:00,0
133,38.036351,-78.50731,2025-01-31T12:16:22.847-05:00,2025-01-31T13:49:01.173-05:00,21
134,38.029297,-78.510103,2025-01-31T13:59:59.885-05:00,2025-01-31T16:57:17.000-05:00,2
135,38.052815,-78.501257,2025-01-31T17:06:08.081-05:00,2025-01-31T17:43:32.715-05:00,4
136,38.050261,-78.502475,2025-01-31T17:06:08.081-05:00,2025-01-31T17:21:38.676-05:00,22
137,38.033553,-78.507977,2025-01-31T17:49:27.410-05:00,2025-01-31T20:12:32.522-05:00,0
138,38.031103,-78.513688,2025-01-31T17:49:27.410-05:00,2025-01-31T20:12:32.522-05:00,3
139,38.029327,-78.510056,2025-01-31T20:16:20.000-05:00,2025-02-01T10:48:42.255-05:00,2
140,38.065186,-78.492411,2025-02-01T10:56:23.803-05:00,2025-02-01T11:25:00.489-05:00,16
141,38.062983,-78.491488,2025-02-01T10:56:23.803-05:00,2025-02-01T11:02:32.439-05:00,17
142,38.052815,-78.501257,2025-02-01T11:32:20.690-05:00,2025-02-01T12:03:03.083-05:00,4
143,38.053566,-78.500689,2025-02-01T11:32:20.690-05:00,2025-02-01T12:03:03.083-05:00,8
144,38.029297,-78.510103,2025-02-01T12:09:34.957-05:00,2025-02-01T13:03:40.000-05:00,2
145,38.069104,-78.490289,2025-02-01T13:25:06.909-05:00,2025-02-01T13:44:11.539-05:00,7
146,38.029297,-78.510103,2025-02-01T14:03:18.721-05:00,2025-02-01T14:43:10.141-05:00,2
147,38.034081,-78.499425,2025-02-01T14:59:32.800-05:00,2025-02-01T16:18:40.514-05:00,11
148,38.033553,-78.507977,2025-02-01T16:26:04.026-05:00,2025-02-01T17:54:51.066-05:00,0
149,38.036457,-78.505368,2025-02-01T16:27:10.986-05:00,2025-02-01T17:54:51.066-05:00,12
150,38.035321,-78.500673,2025-02-01T17:57:59.000-05:00,2025-02-01T18:56:02.921-05:00,-1
151,38.036392,-78.498662,2025-02-01T19:00:00.000-05:00,2025-02-01T22:00:00.000-05:00,-1
152,38.029297,-78.510103,2025-02-01T22:23:43.191-05:00,2025-02-02T10:50:28.626-05:00,2
153,38.033553,-78.507977,2025-02-02T10:55:42.080-05:00,2025-02-02T11:50:24.955-05:00,0
154,38.032882,-78.513558,2025-02-02T10:55:42.080-05:00,2025-02-02T11:50:24.955-05:00,9
155,38.033553,-78.507977,2025-02-02T12:00:41.948-05:00,2025-02-02T13:31:04.618-05:00,0
156,38.035037,-78.517565,2025-02-02T12:00:41.948-05:00,2025-02-02T12:04:54.858-05:00,10
157,38.029297,-78.510103,2025-02-02T13:33:52.012-05:00,2025-02-02T15:57:15.751-05:00,2
158,38.033553,-78.507977,2025-02-02T16:08:31.623-05:00,2025-02-02T17:08:03.857-05:00,0
159,38.029297,-78.510103,2025-02-02T17:09:44.000-05:00,2025-02-03T09:26:47.000-05:00,2
160,38.031619,-78.510846,2025-02-03T09:29:16.827-05:00,2025-02-03T18:17:41.860-05:00,1
161,38.031619,-78.510846,2025-02-03T09:29:16.827-05:00,2025-02-03T09:33:19.068-05:00,1
162,38.029297,-78.510103,2025-02-03T18:20:06.685-05:00,2025-02-03T19:54:07.951-05:00,2
163,38.033553,-78.507977,2025-02-03T19:54:07.951-05:00,2025-02-03T22:39:08.999-05:00,0
164,38.032882,-78.513558,2025-02-03T19:59:24.211-05:00,2025-02-03T22:36:15.162-05:00,9
165,38.029297,-78.510103,2025-02-03T22:41:10.402-05:00,2025-02-04T10:52:25.999-05:00,2
166,38.031619,-78.510846,2025-02-04T10:54:39.617-05:00,2025-02-04T12:23:27.647-05:00,1
167,38.031619,-78.510846,2025-02-04T10:54:39.617-05:00,2025-02-04T12:23:27.647-05:00,1
168,38.029297,-78.510103,2025-02-04T12:23:27.647-05:00,2025-02-04T14:03:59.433-05:00,2
169,38.033553,-78.507977,2025-02-04T14:15:09.000-05:00,2025-02-04T16:51:25.500-05:00,0
170,38.036457,-78.505368,2025-02-04T14:16:23.345-05:00,2025-02-04T16:51:25.500-05:00,12
171,38.031619,-78.510846,2025-02-04T17:01:05.993-05:00,2025-02-04T19:04:04.631-05:00,1
172,38.029297,-78.510103,2025-02-04T19:04:04.631-05:00,2025-02-04T20:22:50.000-05:00,2
173,38.036457,-78.505368,2025-02-04T20:34:58.000-05:00,2025-02-04T22:58:07.657-05:00,12
174,38.036457,-78.505368,2025-02-04T20:34:58.000-05:00,2025-02-04T22:58:07.657-05:00,12
175,38.029297,-78.510103,2025-02-04T23:13:26.320-05:00,2025-02-05T10:49:19.081-05:00,2
176,38.029297,-78.510103,2025-02-05T16:45:56.382-05:00,2025-02-05T20:04:47.670-05:00,2
177,38.033553,-78.507977,2025-02-05T20:07:26.477-05:00,2025-02-06T00:03:51.693-05:00,0
178,38.029327,-78.510056,2025-02-06T00:04:36.819-05:00,2025-02-06T10:59:25.999-05:00,2
179,38.031619,-78.510846,2025-02-06T10:59:25.999-05:00,2025-02-06T12:23:38.999-05:00,1
180,38.031619,-78.510846,2025-02-06T10:59:25.999-05:00,2025-02-06T12:23:38.999-05:00,1
181,38.029297,-78.510103,2025-02-06T12:23:38.999-05:00,2025-02-06T13:27:17.000-05:00,2
182,38.127095,-78.444288,2025-02-06T13:46:40.000-05:00,2025-02-06T15:04:32.000-05:00,14
183,38.129001,-78.440783,2025-02-06T13:46:40.000-05:00,2025-02-06T15:04:32.000-05:00,15
184,38.069505,-78.48403,2025-02-06T15:13:01.000-05:00,2025-02-06T15:23:14.010-05:00,5
185,38.029297,-78.510103,2025-02-06T15:41:23.000-05:00,2025-02-06T18:07:07.788-05:00,2
186,38.033553,-78.507977,2025-02-06T18:19:21.923-05:00,2025-02-06T21:26:40.108-05:00,0
187,38.036457,-78.505368,2025-02-06T18:19:21.923-05:00,2025-02-06T21:26:40.108-05:00,12
188,38.029297,-78.510103,2025-02-06T21:39:24.961-05:00,2025-02-06T21:56:10.067-05:00,2
189,38.033553,-78.507977,2025-02-06T22:01:09.216-05:00,2025-02-06T23:03:47.357-05:00,0
190,38.032882,-78.513558,2025-02-06T22:01:09.216-05:00,2025-02-06T23:03:47.357-05:00,9
191,38.029297,-78.510103,2025-02-06T23:08:58.236-05:00,2025-02-07T06:52:34.999-05:00,2
192,37.654742,-77.613206,2025-02-07T08:10:43.999-05:00,2025-02-07T09:48:16.000-05:00,13
193,37.655,-77.613889,2025-02-07T08:14:10.219-05:00,2025-02-07T09:47:32.000-05:00,6
194,38.029297,-78.510103,2025-02-07T11:18:36.000-05:00,2025-02-07T21:37:03.000-05:00,2
195,38.033553,-78.507977,2025-02-07T21:47:45.344-05:00,2025-02-08T01:00:24.964-05:00,0
196,38.029583,-78.504491,2025-02-07T21:47:45.344-05:00,2025-02-08T01:00:24.964-05:00,23
197,38.029297,-78.510103,2025-02-08T01:14:22.977-05:00,2025-02-08T09:06:34.690-05:00,2
198,38.065186,-78.492411,2025-02-08T09:24:04.794-05:00,2025-02-08T09:52:35.499-05:00,16
199,38.062983,-78.491488,2025-02-08T09:24:04.794-05:00,2025-02-08T09:50:21.386-05:00,17
200,38.069104,-78.490289,2025-02-08T09:55:42.155-05:00,2025-02-08T10:33:44.999-05:00,7
201,38.029297,-78.510103,2025-02-08T10:52:23.710-05:00,2025-02-08T17:59:57.006-05:00,2
202,38.033553,-78.507977,2025-02-08T18:01:39.107-05:00,2025-02-08T19:18:29.103-05:00,0
203,38.031103,-78.513688,2025-02-08T18:01:39.107-05:00,2025-02-08T19:18:29.103-05:00,3
204,38.029297,-78.510103,2025-02-08T21:21:15.306-05:00,2025-02-09T08:05:10.798-05:00,2
205,37.654742,-77.613206,2025-02-09T09:05:17.047-05:00,2025-02-09T10:43:40.999-05:00,13
206,37.655,-77.613889,2025-02-09T09:05:17.047-05:00,2025-02-09T10:43:40.999-05:00,6
207,38.029297,-78.510103,2025-02-09T11:48:26.949-05:00,2025-02-09T12:17:44.000-05:00,2
208,38.052815,-78.501257,2025-02-09T12:29:02.491-05:00,2025-02-09T12:53:07.604-05:00,4
209,38.033553,-78.507977,2025-02-09T13:01:05.646-05:00,2025-02-09T15:19:20.004-05:00,0
210,38.036351,-78.50731,2025-02-09T13:01:05.646-05:00,2025-02-09T13:06:50.983-05:00,21
211,38.036457,-78.505368,2025-02-09T13:08:24.327-05:00,2025-02-09T13:13:04.200-05:00,12
212,38.036351,-78.50731,2025-02-09T13:13:34.744-05:00,2025-02-09T15:19:20.004-05:00,21
213,38.029327,-78.510056,2025-02-09T15:23:53.000-05:00,2025-02-09T16:56:54.000-05:00,2
214,38.029297,-78.510103,2025-02-09T18:04:01.860-05:00,2025-02-10T09:14:52.148-05:00,2
215,38.031619,-78.510846,2025-02-10T11:07:38.000-05:00,2025-02-10T11:48:32.465-05:00,1
216,38.029327,-78.510056,2025-02-10T16:49:23.834-05:00,2025-02-11T15:53:25.999-05:00,2
217,38.029261,-78.510124,2025-02-11T15:53:25.999-05:00,2025-02-12T16:44:17.325-05:00,2
218,38.027085,-78.5116,2025-02-12T21:01:36.038-05:00,2025-02-12T22:53:30.637-05:00,24
219,38.029297,-78.510103,2025-02-12T22:53:30.637-05:00,2025-02-13T10:55:18.649-05:00,2
220,38.029297,-78.510103,2025-02-13T12:23:19.182-05:00,2025-02-13T15:33:38.617-05:00,2
221,38.069104,-78.490289,2025-02-13T15:54:16.544-05:00,2025-02-13T16:18:55.341-05:00,7
222,38.065186,-78.492411,2025-02-13T16:22:08.035-05:00,2025-02-13T16:42:21.571-05:00,16
223,38.062983,-78.491488,2025-02-13T16:22:08.035-05:00,2025-02-13T16:37:32.781-05:00,17
224,38.052815,-78.501257,2025-02-13T16:48:24.059-05:00,2025-02-13T17:13:16.247-05:00,4
225,38.029297,-78.510103,2025-02-13T17:21:36.350-05:00,2025-02-14T06:53:41.050-05:00,2
226,37.652307,-77.614216,2025-02-14T08:16:52.999-05:00,2025-02-14T08:20:50.627-05:00,-1
227,37.654742,-77.613206,2025-02-14T08:20:50.627-05:00,2025-02-14T09:49:47.000-05:00,13
228,37.655,-77.613889,2025-02-14T08:20:50.627-05:00,2025-02-14T09:49:47.000-05:00,6
229,38.029297,-78.510103,2025-02-14T11:11:01.000-05:00,2025-02-14T11:58:00.127-05:00,2
230,38.033553,-78.507977,2025-02-14T11:58:00.127-05:00,2025-02-14T12:24:35.027-05:00,0
231,38.029297,-78.510103,2025-02-14T13:09:43.268-05:00,2025-02-14T17:26:11.485-05:00,2
232,38.033553,-78.507977,2025-02-14T17:30:47.748-05:00,2025-02-14T17:46:36.999-05:00,0
233,38.03482,-78.515183,2025-02-14T17:30:47.748-05:00,2025-02-14T17:46:36.999-05:00,25
234,38.026071,-78.515509,2025-02-14T18:00:50.000-05:00,2025-02-14T18:39:23.018-05:00,-1
235,38.029297,-78.510103,2025-02-14T18:40:57.785-05:00,2025-02-15T06:35:04.000-05:00,2
236,38.033553,-78.507977,2025-02-15T06:35:04.000-05:00,2025-02-15T06:53:51.000-05:00,0
237,37.503572,-77.593941,2025-02-15T08:06:49.999-05:00,2025-02-15T09:31:29.000-05:00,-1
238,38.029297,-78.510103,2025-02-15T10:50:23.075-05:00,2025-02-15T11:50:28.999-05:00,2
239,38.037998,-78.491035,2025-02-15T12:13:35.000-05:00,2025-02-15T13:50:14.971-05:00,26
240,38.052815,-78.501257,2025-02-15T14:12:15.372-05:00,2025-02-15T14:30:07.766-05:00,4
241,38.053566,-78.500689,2025-02-15T14:12:15.372-05:00,2025-02-15T14:16:38.834-05:00,8
242,38.029297,-78.510103,2025-02-15T14:35:26.386-05:00,2025-02-15T18:20:50.587-05:00,2
243,38.027085,-78.5116,2025-02-15T18:20:50.587-05:00,2025-02-15T21:11:02.116-05:00,24
244,38.029297,-78.510103,2025-02-15T21:15:38.170-05:00,2025-02-16T06:47:24.000-05:00,2
245,37.654742,-77.613206,2025-02-16T07:53:13.999-05:00,2025-02-16T09:38:49.708-05:00,13
246,37.655,-77.613889,2025-02-16T07:53:48.680-05:00,2025-02-16T09:38:49.708-05:00,6
247,38.029297,-78.510103,2025-02-16T10:43:03.055-05:00,2025-02-16T11:04:41.789-05:00,2
248,38.033553,-78.507977,2025-02-16T11:09:52.031-05:00,2025-02-16T13:09:08.737-05:00,0
249,38.031103,-78.513688,2025-02-16T11:09:52.031-05:00,2025-02-16T13:09:08.737-05:00,3
250,38.029297,-78.510103,2025-02-16T13:10:22.582-05:00,2025-02-16T16:53:21.747-05:00,2
251,38.033553,-78.507977,2025-02-16T16:56:43.111-05:00,2025-02-16T18:11:33.493-05:00,0
252,38.029327,-78.510056,2025-02-16T18:13:33.000-05:00,2025-02-17T09:28:20.113-05:00,2
253,38.029297,-78.510103,2025-02-17T11:41:54.737-05:00,2025-02-17T13:49:05.339-05:00,2
254,38.033553,-78.507977,2025-02-17T13:51:38.525-05:00,2025-02-17T18:18:20.100-05:00,0
255,38.032088,-78.510695,2025-02-17T13:51:38.525-05:00,2025-02-17T15:20:27.927-05:00,19
256,38.033271,-78.509706,2025-02-17T15:23:31.316-05:00,2025-02-17T16:50:00.000-05:00,18
257,38.032088,-78.510695,2025-02-17T16:54:32.790-05:00,2025-02-17T18:18:20.100-05:00,19
258,38.029297,-78.510103,2025-02-17T21:15:03.110-05:00,2025-02-18T06:30:19.510-05:00,2
259,37.654742,-77.613206,2025-02-18T07:47:20.999-05:00,2025-02-18T09:16:32.000-05:00,13
260,37.655,-77.613889,2025-02-18T07:47:20.999-05:00,2025-02-18T09:16:32.000-05:00,6
261,38.029327,-78.510056,2025-02-18T10:35:36.000-05:00,2025-02-18T16:57:19.996-05:00,2
262,38.029297,-78.510103,2025-02-18T19:05:34.417-05:00,2025-02-20T12:42:02.999-05:00,2
263,38.069104,-78.490289,2025-02-20T12:55:41.195-05:00,2025-02-20T13:26:19.489-05:00,7
264,38.052815,-78.501257,2025-02-20T13:31:09.404-05:00,2025-02-20T14:33:12.857-05:00,4
265,38.053566,-78.500689,2025-02-20T13:31:09.404-05:00,2025-02-20T14:14:48.430-05:00,8
266,38.050261,-78.502475,2025-02-20T14:15:53.000-05:00,2025-02-20T14:20:07.153-05:00,22
267,38.029297,-78.510103,2025-02-20T14:37:57.467-05:00,2025-02-20T21:34:34.984-05:00,2
268,38.033553,-78.507977,2025-02-20T21:47:19.000-05:00,2025-02-20T22:48:17.419-05:00,0
269,38.031103,-78.513688,2025-02-20T21:47:19.000-05:00,2025-02-20T21:53:04.939-05:00,3
270,38.029297,-78.510103,2025-02-20T22:48:17.419-05:00,2025-02-21T05:54:48.999-05:00,2
271,39.082826,-76.888902,2025-02-21T09:00:39.270-05:00,2025-02-21T09:33:48.086-05:00,27
272,39.951501,-75.191016,2025-02-21T12:12:43.748-05:00,2025-02-21T23:47:44.000-05:00,28
273,39.951702,-75.186531,2025-02-21T13:27:39.676-05:00,2025-02-21T23:45:33.224-05:00,29
274,39.976278,-75.181197,2025-02-22T00:16:51.436-05:00,2025-02-22T07:09:48.633-05:00,30
275,39.951501,-75.191016,2025-02-22T07:20:15.659-05:00,2025-02-22T12:46:41.189-05:00,28
276,39.951702,-75.186531,2025-02-22T07:20:15.659-05:00,2025-02-22T07:26:39.819-05:00,29
277,39.951501,-75.191016,2025-02-22T12:57:29.345-05:00,2025-02-22T22:42:08.000-05:00,28
278,39.976278,-75.181198,2025-02-22T22:53:37.899-05:00,2025-02-23T08:34:14.325-05:00,30
279,39.951501,-75.191016,2025-02-23T08:46:47.969-05:00,2025-02-23T12:46:31.329-05:00,28
280,39.951702,-75.186531,2025-02-23T08:46:47.969-05:00,2025-02-23T10:05:24.599-05:00,29
281,39.956613,-75.189944,2025-02-23T12:54:33.000-05:00,2025-02-23T13:51:59.805-05:00,-1
282,39.951501,-75.191016,2025-02-23T14:02:21.171-05:00,2025-02-23T15:03:04.461-05:00,28
283,39.951702,-75.186531,2025-02-23T14:03:29.024-05:00,2025-02-23T14:29:41.210-05:00,29
284,39.082826,-76.888902,2025-02-23T17:11:54.176-05:00,2025-02-23T17:42:49.988-05:00,27
285,38.029297,-78.510103,2025-02-23T20:24:16.075-05:00,2025-02-23T22:06:15.268-05:00,2
286,38.033553,-78.507977,2025-02-23T22:22:57.300-05:00,2025-02-24T00:55:46.513-05:00,0
287,38.029583,-78.504491,2025-02-23T22:22:57.300-05:00,2025-02-24T00:55:46.513-05:00,23
288,38.042358,-78.504629,2025-02-24T01:07:56.359-05:00,2025-02-24T01:14:00.756-05:00,-1
289,38.029297,-78.510103,2025-02-24T01:17:54.749-05:00,2025-02-24T12:26:19.260-05:00,2
290,38.031619,-78.510846,2025-02-24T12:28:12.099-05:00,2025-02-24T12:55:00.675-05:00,1
291,38.031619,-78.510846,2025-02-24T12:28:12.099-05:00,2025-02-24T12:33:16.325-05:00,1
292,38.029327,-78.510056,2025-02-24T16:49:42.356-05:00,2025-02-24T19:57:24.562-05:00,2
293,38.033553,-78.507977,2025-02-24T20:02:25.794-05:00,2025-02-24T21:06:32.723-05:00,0
294,38.031103,-78.513688,2025-02-24T20:02:25.794-05:00,2025-02-24T21:06:32.723-05:00,3
295,38.033553,-78.507977,2025-02-24T21:19:32.405-05:00,2025-02-25T01:03:33.201-05:00,0
296,38.036457,-78.505368,2025-02-24T21:19:32.405-05:00,2025-02-25T00:57:56.955-05:00,12
297,38.035923,-78.506611,2025-02-25T00:59:08.030-05:00,2025-02-25T01:03:33.201-05:00,-1
298,38.029297,-78.510103,2025-02-25T01:21:50.120-05:00,2025-02-25T16:57:12.918-05:00,2
299,38.031619,-78.510846,2025-02-25T16:59:18.930-05:00,2025-02-25T19:03:23.359-05:00,1
300,38.029297,-78.510103,2025-02-25T19:05:34.478-05:00,2025-02-26T09:26:38.000-05:00,2
301,38.031619,-78.510846,2025-02-26T09:30:54.528-05:00,2025-02-26T10:51:41.585-05:00,1
302,38.031619,-78.510846,2025-02-26T09:30:54.528-05:00,2025-02-26T10:51:41.585-05:00,1
303,38.029297,-78.510103,2025-02-26T10:53:26.630-05:00,2025-02-27T10:56:27.000-05:00,2
304,38.031619,-78.510846,2025-02-27T10:58:51.357-05:00,2025-02-27T12:23:29.999-05:00,1
305,38.031619,-78.510846,2025-02-27T10:58:51.357-05:00,2025-02-27T12:23:29.999-05:00,1
306,38.033553,-78.507977,2025-02-27T12:31:55.573-05:00,2025-02-27T12:49:50.762-05:00,0
307,38.036351,-78.50731,2025-02-27T12:31:55.573-05:00,2025-02-27T12:49:50.762-05:00,21
308,38.034577,-78.499208,2025-02-27T13:01:28.976-05:00,2025-02-27T13:06:16.932-05:00,-1
309,38.033553,-78.507977,2025-02-27T13:12:48.471-05:00,2025-02-27T16:08:45.865-05:00,0
310,38.036457,-78.505368,2025-02-27T13:14:03.039-05:00,2025-02-27T16:08:45.865-05:00,12
311,38.029297,-78.510103,2025-02-27T20:29:52.287-05:00,2025-02-27T20:43:26.000-05:00,2
312,38.033553,-78.507977,2025-02-27T20:47:01.759-05:00,2025-02-27T22:20:18.637-05:00,0
313,38.036457,-78.505368,2025-02-27T20:51:50.766-05:00,2025-02-27T22:15:23.265-05:00,12
314,38.029297,-78.510103,2025-02-27T22:23:51.010-05:00,2025-02-28T11:50:42.000-05:00,2
315,38.029297,-78.510103,2025-02-28T13:26:46.593-05:00,2025-02-28T16:04:56.948-05:00,2
316,38.033553,-78.507977,2025-02-28T16:17:07.177-05:00,2025-02-28T18:16:48.502-05:00,0
317,38.036457,-78.505368,2025-02-28T16:17:07.177-05:00,2025-02-28T18:16:48.502-05:00,12
318,38.034081,-78.499425,2025-02-28T18:23:26.522-05:00,2025-02-28T18:45:39.629-05:00,11
319,38.029297,-78.510103,2025-02-28T20:57:21.999-05:00,2025-03-01T08:57:43.000-05:00,2
320,38.059514,-78.491229,2025-03-01T09:12:06.413-05:00,2025-03-01T09:16:26.542-05:00,-1
321,38.065186,-78.492411,2025-03-01T09:16:26.542-05:00,2025-03-01T09:32:56.186-05:00,16
322,38.062983,-78.491488,2025-03-01T09:16:26.542-05:00,2025-03-01T09:32:56.186-05:00,17
323,38.069104,-78.490289,2025-03-01T09:36:14.122-05:00,2025-03-01T09:57:32.211-05:00,7
324,38.069505,-78.48403,2025-03-01T10:01:00.031-05:00,2025-03-01T10:12:44.086-05:00,5
325,38.052815,-78.501257,2025-03-01T10:20:02.741-05:00,2025-03-01T10:26:54.223-05:00,4
326,38.053566,-78.500689,2025-03-01T10:20:02.741-05:00,2025-03-01T10:26:54.223-05:00,8
327,38.029297,-78.510103,2025-03-01T10:39:16.000-05:00,2025-03-01T10:52:19.000-05:00,2
328,37.513913,-78.686075,2025-03-01T12:08:41.745-05:00,2025-03-01T14:40:51.000-05:00,-1
329,38.029297,-78.510103,2025-03-01T23:43:33.609-05:00,2025-03-01T23:46:29.764-05:00,2
330,38.033553,-78.507977,2025-03-02T10:59:05.060-05:00,2025-03-02T14:52:07.256-05:00,0
331,38.032882,-78.513558,2025-03-02T10:59:05.060-05:00,2025-03-02T14:48:37.688-05:00,9
332,38.052815,-78.501257,2025-03-02T15:02:08.132-05:00,2025-03-02T15:31:22.193-05:00,4
333,38.053566,-78.500689,2025-03-02T15:02:08.132-05:00,2025-03-02T15:06:46.949-05:00,8
334,38.052307,-78.501712,2025-03-02T15:26:20.617-05:00,2025-03-02T15:31:22.193-05:00,4
335,38.029297,-78.510103,2025-03-02T15:38:48.000-05:00,2025-03-03T12:25:01.412-05:00,2
336,38.031619,-78.510846,2025-03-03T12:27:02.573-05:00,2025-03-03T12:45:20.088-05:00,1
337,38.031619,-78.510846,2025-03-03T12:27:02.573-05:00,2025-03-03T12:45:20.088-05:00,1
338,38.029297,-78.510103,2025-03-03T13:18:24.055-05:00,2025-03-03T19:53:54.912-05:00,2
339,38.033553,-78.507977,2025-03-03T19:58:44.000-05:00,2025-03-03T22:33:57.702-05:00,0
340,38.032882,-78.513558,2025-03-03T20:03:48.131-05:00,2025-03-03T22:31:19.783-05:00,9
341,38.029297,-78.510103,2025-03-03T22:38:00.402-05:00,2025-03-04T08:51:44.574-05:00,2
342,38.052815,-78.501257,2025-03-04T08:58:09.000-05:00,2025-03-04T09:06:31.899-05:00,4
343,38.050283,-78.504449,2025-03-04T08:59:08.403-05:00,2025-03-04T09:06:31.899-05:00,20
344,38.029297,-78.510103,2025-03-04T09:14:21.665-05:00,2025-03-04T10:58:53.477-05:00,2
345,38.031619,-78.510846,2025-03-04T10:58:53.477-05:00,2025-03-04T12:20:59.439-05:00,1
346,38.031619,-78.510846,2025-03-04T10:58:53.477-05:00,2025-03-04T12:19:26.299-05:00,1
347,38.029297,-78.510103,2025-03-04T12:20:59.439-05:00,2025-03-04T14:51:31.735-05:00,2
348,38.033553,-78.507977,2025-03-04T14:54:52.245-05:00,2025-03-04T19:02:12.929-05:00,0
349,38.033271,-78.509706,2025-03-04T14:55:33.604-05:00,2025-03-04T16:57:11.220-05:00,18
350,38.029297,-78.510103,2025-03-04T19:03:18.252-05:00,2025-03-04T19:08:38.005-05:00,2
351,38.029297,-78.510103,2025-03-05T16:45:20.339-05:00,2025-03-05T17:55:28.951-05:00,2
352,38.033553,-78.507977,2025-03-05T17:59:30.999-05:00,2025-03-05T19:06:10.013-05:00,0
353,38.031103,-78.513688,2025-03-05T17:59:30.999-05:00,2025-03-05T19:06:10.013-05:00,3
354,38.029297,-78.510103,2025-03-05T19:10:44.955-05:00,2025-03-06T08:48:38.000-05:00,2
355,38.052815,-78.501257,2025-03-06T08:59:29.765-05:00,2025-03-06T09:02:50.684-05:00,4
356,38.029297,-78.510103,2025-03-06T12:25:19.183-05:00,2025-03-07T15:40:17.433-05:00,2
357,38.065186,-78.492411,2025-03-07T16:06:59.799-05:00,2025-03-07T16:50:49.056-05:00,16
358,38.064058,-78.491164,2025-03-07T16:09:51.938-05:00,2025-03-07T16:19:51.921-05:00,-1
359,38.064877,-78.492874,2025-03-07T16:25:31.806-05:00,2025-03-07T16:50:49.056-05:00,31
360,38.069505,-78.48403,2025-03-07T16:54:02.377-05:00,2025-03-07T17:11:53.999-05:00,5
361,38.029297,-78.510103,2025-03-07T17:22:38.475-05:00,2025-03-08T10:43:27.845-05:00,2
362,38.033553,-78.507977,2025-03-08T10:43:27.845-05:00,2025-03-08T10:50:15.000-05:00,0
363,38.03482,-78.515183,2025-03-08T10:46:00.000-05:00,2025-03-08T10:50:15.000-05:00,25
364,38.90349,-77.400314,2025-03-08T13:05:51.734-05:00,2025-03-08T14:35:06.000-05:00,32
365,38.831409,-77.311153,2025-03-08T14:52:59.000-05:00,2025-03-08T19:03:39.000-05:00,-1
366,38.830665,-77.312552,2025-03-08T14:52:59.000-05:00,2025-03-08T18:59:11.999-05:00,-1
367,38.856323,-77.315544,2025-03-08T19:12:58.000-05:00,2025-03-08T20:37:17.881-05:00,33
368,38.856407,-77.316035,2025-03-08T19:12:58.000-05:00,2025-03-08T20:37:17.881-05:00,33
369,38.90349,-77.400314,2025-03-08T20:53:59.224-05:00,2025-03-09T11:39:52.808-04:00,32
370,38.862801,-77.358874,2025-03-09T11:57:53.248-04:00,2025-03-09T13:05:50.510-04:00,-1
371,38.863621,-77.358149,2025-03-09T11:57:53.248-04:00,2025-03-09T12:04:03.892-04:00,-1
372,38.86338,-77.360968,2025-03-09T12:20:12.896-04:00,2025-03-09T13:02:51.515-04:00,-1
373,38.85712,-77.393327,2025-03-09T13:23:27.559-04:00,2025-03-09T14:24:02.318-04:00,34
374,38.855187,-77.392868,2025-03-09T13:23:27.559-04:00,2025-03-09T13:55:31.608-04:00,-1
375,38.854505,-77.396306,2025-03-09T13:57:14.549-04:00,2025-03-09T14:24:02.318-04:00,35
376,38.90349,-77.400314,2025-03-09T14:37:07.604-04:00,2025-03-09T15:08:43.300-04:00,32
377,38.886936,-77.377733,2025-03-09T15:14:36.397-04:00,2025-03-09T18:05:07.103-04:00,-1
378,38.90349,-77.400314,2025-03-09T18:10:32.642-04:00,2025-03-09T18:15:24.806-04:00,32
379,38.910939,-77.415905,2025-03-09T18:19:07.066-04:00,2025-03-09T19:38:01.648-04:00,-1
380,38.908742,-77.40653,2025-03-09T19:39:13.936-04:00,2025-03-09T20:49:20.000-04:00,-1
381,38.90349,-77.400314,2025-03-09T20:49:20.000-04:00,2025-03-10T09:05:28.999-04:00,32
382,38.946347,-77.358237,2025-03-10T09:12:45.000-04:00,2025-03-10T10:23:31.056-04:00,-1
383,38.90349,-77.400314,2025-03-10T10:34:01.000-04:00,2025-03-10T14:12:26.781-04:00,32
384,38.896477,-77.426666,2025-03-10T14:42:19.521-04:00,2025-03-10T14:53:12.640-04:00,-1
385,38.90349,-77.400314,2025-03-10T14:59:13.000-04:00,2025-03-10T19:26:55.535-04:00,32
386,38.899126,-77.407618,2025-03-10T19:32:29.252-04:00,2025-03-10T20:37:10.031-04:00,-1
387,38.90349,-77.400314,2025-03-10T20:40:32.776-04:00,2025-03-11T08:13:24.999-04:00,32
388,38.848666,-77.27269,2025-03-11T08:39:33.000-04:00,2025-03-11T10:29:40.000-04:00,36
389,38.90349,-77.400314,2025-03-11T10:48:11.144-04:00,2025-03-11T12:29:44.491-04:00,32
390,38.917017,-77.222836,2025-03-11T12:55:58.065-04:00,2025-03-11T14:58:03.700-04:00,-1
391,38.918287,-77.223278,2025-03-11T12:55:58.065-04:00,2025-03-11T13:50:54.019-04:00,-1
392,38.927924,-77.238736,2025-03-11T15:14:20.786-04:00,2025-03-11T15:56:02.999-04:00,-1
393,38.90349,-77.400314,2025-03-11T15:56:02.999-04:00,2025-03-12T10:16:25.741-04:00,32
394,38.89453,-77.422737,2025-03-12T10:23:01.054-04:00,2025-03-12T11:35:11.671-04:00,-1
395,38.895403,-77.426858,2025-03-12T10:26:56.593-04:00,2025-03-12T11:20:07.512-04:00,-1
396,38.90349,-77.400314,2025-03-12T11:41:52.620-04:00,2025-03-12T12:38:04.000-04:00,32
397,38.848666,-77.27269,2025-03-12T13:02:07.000-04:00,2025-03-12T14:19:50.999-04:00,36
398,38.90349,-77.400314,2025-03-12T14:19:50.999-04:00,2025-03-13T08:16:04.999-04:00,32
399,38.848666,-77.27269,2025-03-13T08:40:08.000-04:00,2025-03-13T09:55:17.000-04:00,36
400,38.90349,-77.400314,2025-03-13T10:15:13.176-04:00,2025-03-13T13:23:55.999-04:00,32
401,38.848666,-77.27269,2025-03-13T13:51:19.439-04:00,2025-03-13T14:56:12.999-04:00,36
402,38.864561,-77.27971,2025-03-13T15:03:30.000-04:00,2025-03-13T15:19:46.999-04:00,-1
403,38.85712,-77.393327,2025-03-13T15:37:21.999-04:00,2025-03-13T15:49:05.343-04:00,34
404,38.854505,-77.396306,2025-03-13T15:40:04.372-04:00,2025-03-13T15:49:05.343-04:00,35
405,38.90349,-77.400314,2025-03-13T16:45:30.676-04:00,2025-03-13T17:07:58.887-04:00,32
406,38.907295,-77.404787,2025-03-14T10:26:35.157-04:00,2025-03-14T10:35:10.999-04:00,-1
407,38.848666,-77.27269,2025-03-14T10:56:15.000-04:00,2025-03-14T11:22:22.636-04:00,36
408,39.653502,-75.790673,2025-03-14T13:12:08.621-04:00,2025-03-14T13:16:53.782-04:00,-1
409,39.664541,-75.750463,2025-03-14T13:29:38.148-04:00,2025-03-14T15:18:49.000-04:00,37
410,39.749907,-76.020922,2025-03-14T15:48:00.945-04:00,2025-03-14T15:52:33.843-04:00,-1
411,39.734053,-76.03931,2025-03-14T16:02:58.775-04:00,2025-03-14T16:20:36.844-04:00,38
412,39.664743,-75.753382,2025-03-14T18:11:20.000-04:00,2025-03-14T18:13:17.929-04:00,-1
413,39.664541,-75.750463,2025-03-14T18:13:17.929-04:00,2025-03-14T22:08:24.998-04:00,37
414,39.734053,-76.03931,2025-03-14T22:38:47.442-04:00,2025-03-14T22:42:57.402-04:00,38
415,39.664541,-75.750463,2025-03-15T07:20:18.896-04:00,2025-03-15T07:29:31.106-04:00,37
416,39.664541,-75.750463,2025-03-15T07:29:31.106-04:00,2025-03-15T21:07:59.208-04:00,37
417,39.734053,-76.03931,2025-03-15T21:50:39.105-04:00,2025-03-15T23:18:59.724-04:00,38
418,39.683578,-75.74798,2025-03-16T10:31:11.000-04:00,2025-03-16T11:25:29.000-04:00,39
419,39.683578,-75.74798,2025-03-16T14:02:45.548-04:00,2025-03-16T14:10:19.000-04:00,39
420,39.664541,-75.750463,2025-03-16T14:20:45.540-04:00,2025-03-16T17:28:26.113-04:00,37
421,39.465139,-76.311024,2025-03-16T18:24:50.999-04:00,2025-03-16T18:38:09.813-04:00,-1
422,38.848666,-77.27269,2025-03-16T20:06:24.841-04:00,2025-03-16T20:12:30.989-04:00,36
423,38.90349,-77.400314,2025-03-16T20:37:34.071-04:00,2025-03-16T20:54:39.219-04:00,32
424,38.029297,-78.510103,2025-03-17T08:36:46.000-04:00,2025-03-17T08:39:59.873-04:00,2
425,38.033553,-78.507977,2025-03-17T09:27:50.493-04:00,2025-03-17T10:45:44.605-04:00,0
426,38.032088,-78.510695,2025-03-17T09:27:50.493-04:00,2025-03-17T09:45:41.865-04:00,19
427,38.029297,-78.510103,2025-03-17T10:47:03.435-04:00,2025-03-17T12:26:52.443-04:00,2
428,38.033553,-78.507977,2025-03-17T19:58:24.772-04:00,2025-03-18T00:00:12.453-04:00,0
429,38.031103,-78.513688,2025-03-17T19:58:24.772-04:00,2025-03-17T21:05:19.982-04:00,3
430,38.031103,-78.513688,2025-03-17T22:54:20.263-04:00,2025-03-18T00:00:12.453-04:00,3
431,38.029297,-78.510103,2025-03-18T00:03:13.997-04:00,2025-03-18T00:06:49.941-04:00,2
432,38.031619,-78.510846,2025-03-18T00:06:49.941-04:00,2025-03-18T12:22:53.788-04:00,1
433,38.033553,-78.507977,2025-03-18T15:11:53.756-04:00,2025-03-18T16:47:48.609-04:00,0
434,38.039382,-78.507636,2025-03-18T15:11:53.756-04:00,2025-03-18T15:25:50.253-04:00,40
435,38.036457,-78.505368,2025-03-18T15:50:25.615-04:00,2025-03-18T15:57:46.456-04:00,12
436,38.039382,-78.507636,2025-03-18T16:03:21.288-04:00,2025-03-18T16:43:53.016-04:00,40
437,38.031619,-78.510846,2025-03-18T16:57:23.000-04:00,2025-03-18T19:04:59.048-04:00,1
438,38.029297,-78.510103,2025-03-18T19:04:59.048-04:00,2025-03-18T19:26:48.000-04:00,2
439,38.031619,-78.510846,2025-03-19T09:27:30.000-04:00,2025-03-19T10:46:53.665-04:00,1
440,38.033553,-78.507977,2025-03-19T13:45:03.574-04:00,2025-03-19T16:10:26.984-04:00,0
441,38.036457,-78.505368,2025-03-19T13:47:04.517-04:00,2025-03-19T16:10:26.984-04:00,12
442,38.029297,-78.510103,2025-03-19T16:26:51.818-04:00,2025-03-19T16:31:26.053-04:00,2
443,38.033553,-78.507977,2025-03-19T17:58:57.137-04:00,2025-03-19T23:35:35.529-04:00,0
444,38.032882,-78.513558,2025-03-19T17:58:57.137-04:00,2025-03-19T19:02:55.039-04:00,9
445,38.031103,-78.513688,2025-03-19T19:06:26.415-04:00,2025-03-19T19:18:10.721-04:00,3
446,38.036457,-78.505368,2025-03-19T19:27:45.437-04:00,2025-03-19T22:14:46.354-04:00,12
447,38.035037,-78.517565,2025-03-19T22:18:42.999-04:00,2025-03-19T23:35:35.529-04:00,10
448,38.029297,-78.510103,2025-03-19T23:38:29.279-04:00,2025-03-19T23:39:29.721-04:00,2
449,38.033553,-78.507977,2025-03-20T14:53:44.498-04:00,2025-03-20T15:55:32.596-04:00,0
450,38.035551,-78.503426,2025-03-20T14:53:44.498-04:00,2025-03-20T15:19:08.857-04:00,-1
451,38.029297,-78.510103,2025-03-20T16:09:45.999-04:00,2025-03-20T16:29:46.659-04:00,2
452,38.065186,-78.492411,2025-03-20T16:46:04.948-04:00,2025-03-20T17:39:25.773-04:00,16
453,38.062983,-78.491488,2025-03-20T16:46:04.948-04:00,2025-03-20T17:01:10.384-04:00,17
454,38.064877,-78.492874,2025-03-20T17:03:03.095-04:00,2025-03-20T17:39:25.773-04:00,31
455,38.029297,-78.510103,2025-03-20T18:11:24.414-04:00,2025-03-20T18:14:42.255-04:00,2
456,38.033553,-78.507977,2025-03-20T20:38:30.000-04:00,2025-03-20T22:49:19.371-04:00,0
457,38.036457,-78.505368,2025-03-20T20:40:39.167-04:00,2025-03-20T22:49:19.371-04:00,12
458,38.029297,-78.510103,2025-03-20T23:59:57.633-04:00,2025-03-21T00:03:02.714-04:00,2
459,38.029297,-78.510103,2025-03-21T00:03:02.714-04:00,2025-03-21T10:17:59.371-04:00,2
460,38.029297,-78.510103,2025-03-21T15:54:35.736-04:00,2025-03-21T15:59:37.149-04:00,2
461,38.03965,-78.486291,2025-03-21T17:02:52.000-04:00,2025-03-21T18:21:45.000-04:00,41
462,38.03965,-78.486291,2025-03-21T18:52:34.999-04:00,2025-03-21T22:04:34.000-04:00,41
463,38.033553,-78.507977,2025-03-21T22:12:16.000-04:00,2025-03-21T23:35:51.999-04:00,0
464,38.032882,-78.513558,2025-03-21T22:12:16.000-04:00,2025-03-21T23:35:51.999-04:00,9
465,38.03965,-78.486291,2025-03-22T11:07:12.431-04:00,2025-03-22T12:02:15.980-04:00,41
466,38.037998,-78.491035,2025-03-22T12:07:15.727-04:00,2025-03-22T12:41:26.480-04:00,26
467,38.03965,-78.486291,2025-03-22T12:46:08.824-04:00,2025-03-22T19:58:09.000-04:00,41
468,38.029297,-78.510103,2025-03-22T20:15:25.999-04:00,2025-03-22T20:20:04.000-04:00,2
